RequestsPerSec,AvgLatency,P50,P95,P99,P999,SuccessCount,ErrorCount,Throughput
3000,0.219903,0.163897,0.483446,0.57969,0.689544,30029,0,3002.9
