RequestsPerSec,AvgLatency,P50,P95,P99,P999,SuccessCount,ErrorCount,Throughput
3000,0.29733,0.249717,0.652546,0.799882,0.99288,90052,0,3001.73
